feature,importance
room_1_end_fraction,31.789032400902876
room_1_start_fraction,24.65025154089751
room_1_wall_fraction,10.22255980470317
room_2_start_fraction,10.018360999059492
wall_length,9.876177727010989
room_2_end_fraction,7.918284160193716
room_2_wall_fraction,5.525333367232248
